Team,balls_faced,matches_played,runs,4s,6s,1s,2s,0s,dismissals,balls_bowled,runs_conceded,4s_conceded,6s_conceded,1s_conceded,2s_conceded,0s_conceded,wickets_taken,noballs_conceded,legbyes_conceded,wides_conceded,byes_conceded,catches_taken,run_out_taken,bowled_taken,stumped_taken,lbw_taken,Venue
Delhi Capitals,335,3,476,46,17.0,130,30,98,10,365,493,30,23.0,163,28,111,17,0.0,5.0,5.0,0.0,8.0,1.0,5.0,1.0,1.0,"Narendra Modi Stadium, Ahmedabad"
Gujarat Titans,113,1,124,10,4.0,36,12,46,3,120,133,11,4.0,47,5,50,9,0.0,2.0,0.0,0.0,6.0,1.0,1.0,0.0,0.0,"Narendra Modi Stadium, Ahmedabad"
Kolkata Knight Riders,222,2,266,27,9.0,84,10,84,11,228,280,23,13.0,76,11,94,12,1.0,1.0,8.0,1.0,8.0,0.0,3.0,0.0,1.0,"Narendra Modi Stadium, Ahmedabad"
Punjab Kings,370,3,453,31,24.0,151,17,133,20,332,468,39,16.0,123,20,116,16,0.0,12.0,6.0,0.0,9.0,1.0,5.0,0.0,1.0,"Narendra Modi Stadium, Ahmedabad"
Rajasthan Royals,229,2,289,23,14.0,86,12,91,12,240,291,19,11.0,87,17,91,11,0.0,2.0,11.0,1.0,8.0,0.0,3.0,0.0,0.0,"Narendra Modi Stadium, Ahmedabad"
Royal Challengers Bangalore,371,3,445,28,22.0,152,23,125,21,355,473,43,23.0,143,23,115,12,0.0,2.0,6.0,0.0,10.0,0.0,1.0,1.0,0.0,"Narendra Modi Stadium, Ahmedabad"
Chennai Super Kings,1272,11,1489,141,53.0,469,67,485,58,1263,1561,156,53.0,454,67,469,63,2.0,26.0,32.0,3.0,35.0,7.0,14.0,0.0,5.0,Eden Gardens
Deccan Chargers,367,3,395,37,13.0,131,15,143,23,371,421,42,14.0,118,17,149,15,2.0,11.0,15.0,3.0,10.0,0.0,3.0,0.0,2.0,Eden Gardens
Delhi Capitals,989,9,1166,118,35.0,379,50,358,65,1003,1230,128,49.0,368,45,357,49,3.0,15.0,33.0,2.0,26.0,6.0,12.0,1.0,3.0,Eden Gardens
Gujarat Lions,220,2,342,39,15.0,79,7,74,11,244,352,37,9.0,100,17,73,9,0.0,4.0,4.0,0.0,6.0,1.0,2.0,0.0,0.0,Eden Gardens
Gujarat Titans,125,1,178,19,6.0,54,6,31,3,127,191,19,7.0,42,8,44,6,1.0,0.0,6.0,0.0,3.0,2.0,1.0,0.0,0.0,Eden Gardens
Kochi Tuskers Kerala,123,1,124,11,5.0,44,3,52,7,122,132,7,3.0,51,9,48,9,0.0,1.0,2.0,1.0,3.0,2.0,3.0,1.0,0.0,Eden Gardens
Kolkata Knight Riders,8630,74,10918,1068,424.0,3182,417,3054,397,8614,11547,1011,402.0,3204,435,3132,438,21.0,150.0,214.0,27.0,229.0,43.0,96.0,20.0,36.0,Eden Gardens
Lucknow Super Giants,130,1,171,6,14.0,52,4,39,6,126,193,21,9.0,39,8,42,4,1.0,0.0,5.0,0.0,4.0,0.0,0.0,0.0,0.0,Eden Gardens
Mumbai Indians,1586,13,2139,209,92.0,568,84,554,67,1579,2249,189,79.0,582,68,575,77,8.0,24.0,46.0,3.0,53.0,7.0,10.0,1.0,5.0,Eden Gardens
Pune Warriors,126,1,133,11,4.0,57,4,43,8,129,143,9,4.0,51,10,43,5,1.0,2.0,8.0,1.0,3.0,0.0,1.0,0.0,1.0,Eden Gardens
Punjab Kings,1296,11,1657,148,70.0,466,78,461,65,1318,1741,175,75.0,513,51,431,56,4.0,22.0,44.0,2.0,34.0,7.0,10.0,0.0,2.0,Eden Gardens
Rajasthan Royals,1179,10,1377,147,37.0,436,63,448,67,1150,1442,135,54.0,411,52,427,45,5.0,20.0,41.0,2.0,26.0,4.0,7.0,3.0,3.0,Eden Gardens
Rising Pune Supergiant,226,2,247,20,11.0,75,10,98,12,154,261,20,10.0,55,4,56,10,0.0,3.0,4.0,1.0,4.0,1.0,0.0,1.0,2.0,Eden Gardens
Royal Challengers Bangalore,1242,11,1681,161,76.0,445,62,443,56,1347,1752,170,76.0,470,71,468,61,2.0,17.0,63.0,4.0,38.0,8.0,6.0,2.0,3.0,Eden Gardens
Sunrisers Hyderabad,985,8,1149,104,41.0,383,49,347,52,949,1222,120,52.0,362,57,316,50,4.0,15.0,21.0,0.0,31.0,5.0,10.0,0.0,3.0,Eden Gardens
Chennai Super Kings,2740,23,3400,312,156.0,923,131,1030,145,2799,3624,318,150.0,957,152,1047,132,9.0,26.0,125.0,10.0,84.0,11.0,20.0,2.0,11.0,Wankhede Stadium
Deccan Chargers,236,2,223,17,6.0,89,15,99,16,245,235,15,5.0,74,14,114,13,0.0,3.0,16.0,2.0,8.0,1.0,3.0,0.0,1.0,Wankhede Stadium
Delhi Capitals,2034,17,2626,262,100.0,747,104,717,108,2097,2750,268,126.0,781,91,709,109,8.0,43.0,70.0,0.0,67.0,12.0,17.0,3.0,6.0,Wankhede Stadium
Gujarat Lions,250,2,301,26,9.0,98,20,83,11,252,323,22,13.0,90,19,87,12,2.0,5.0,13.0,0.0,9.0,1.0,1.0,1.0,0.0,Wankhede Stadium
Gujarat Titans,487,4,632,63,24.0,191,21,165,18,490,665,54,24.0,206,24,159,19,1.0,2.0,17.0,1.0,11.0,1.0,4.0,1.0,2.0,Wankhede Stadium
Kochi Tuskers Kerala,121,1,173,23,4.0,35,11,38,2,126,184,16,7.0,43,8,38,2,0.0,8.0,6.0,0.0,0.0,1.0,1.0,0.0,0.0,Wankhede Stadium
Kolkata Knight Riders,1784,15,2060,188,77.0,637,96,675,105,1728,2191,218,84.0,583,73,657,76,16.0,25.0,67.0,0.0,50.0,6.0,6.0,3.0,9.0,Wankhede Stadium
Lucknow Super Giants,505,4,649,57,26.0,202,27,161,23,498,683,51,29.0,171,28,189,26,0.0,8.0,20.0,0.0,17.0,1.0,6.0,0.0,1.0,Wankhede Stadium
Mumbai Indians,8561,71,10885,1018,468.0,2982,471,3097,422,8551,11508,995,402.0,3108,498,3053,454,39.0,135.0,285.0,28.0,297.0,25.0,72.0,12.0,26.0,Wankhede Stadium
Pune Warriors,356,3,364,35,8.0,126,24,145,27,368,389,35,10.0,142,21,146,15,1.0,5.0,7.0,1.0,9.0,0.0,2.0,2.0,2.0,Wankhede Stadium
Punjab Kings,2219,18,2981,276,134.0,829,114,723,104,2144,3147,286,138.0,729,114,738,102,16.0,44.0,75.0,5.0,68.0,11.0,13.0,3.0,5.0,Wankhede Stadium
Rajasthan Royals,2180,18,2947,276,138.0,760,116,758,102,2168,3094,277,125.0,792,129,709,112,7.0,35.0,86.0,6.0,75.0,12.0,17.0,1.0,5.0,Wankhede Stadium
Rising Pune Supergiant,339,3,432,34,19.0,122,28,120,11,376,448,35,15.0,134,14,156,25,0.0,6.0,16.0,0.0,16.0,2.0,3.0,0.0,3.0,Wankhede Stadium
Royal Challengers Bangalore,1940,16,2580,236,113.0,739,105,642,81,1968,2719,228,133.0,698,111,687,95,7.0,29.0,66.0,7.0,58.0,10.0,9.0,4.0,9.0,Wankhede Stadium
Sunrisers Hyderabad,1369,11,1651,156,60.0,514,69,491,80,1311,1748,161,81.0,486,56,455,63,4.0,22.0,44.0,1.0,38.0,3.0,14.0,1.0,4.0,Wankhede Stadium
Chennai Super Kings,608,5,796,83,29.0,212,36,207,28,624,842,74,39.0,207,43,209,30,1.0,15.0,34.0,0.0,22.0,1.0,5.0,0.0,1.0,Brabourne Stadium
Deccan Chargers,114,1,108,8,1.0,41,14,43,10,124,115,16,5.0,47,15,35,5,0.0,2.0,4.0,0.0,2.0,0.0,1.0,1.0,1.0,Brabourne Stadium
Delhi Capitals,691,6,971,96,42.0,242,39,216,29,739,1039,97,38.0,243,59,270,39,2.0,8.0,19.0,2.0,28.0,1.0,5.0,2.0,2.0,Brabourne Stadium
Gujarat Titans,367,3,516,58,14.0,153,23,103,13,370,536,48,23.0,126,25,126,21,1.0,8.0,9.0,0.0,14.0,2.0,3.0,0.0,2.0,Brabourne Stadium
Kolkata Knight Riders,635,5,832,84,32.0,208,39,210,40,603,901,89,39.0,225,39,173,22,5.0,8.0,19.0,4.0,14.0,2.0,4.0,0.0,2.0,Brabourne Stadium
Lucknow Super Giants,381,3,523,47,23.0,138,28,111,16,371,564,64,17.0,118,30,123,22,1.0,8.0,10.0,1.0,10.0,4.0,5.0,0.0,2.0,Brabourne Stadium
Mumbai Indians,1353,11,1824,184,59.0,491,112,423,67,1339,1933,170,54.0,535,96,396,60,5.0,27.0,47.0,6.0,24.0,11.0,15.0,1.0,5.0,Brabourne Stadium
Punjab Kings,628,5,808,75,36.0,201,41,235,46,557,856,78,20.0,198,35,190,30,3.0,4.0,26.0,1.0,25.0,1.0,2.0,0.0,0.0,Brabourne Stadium
Rajasthan Royals,867,7,1270,129,51.0,289,74,274,38,904,1336,121,45.0,296,58,297,51,1.0,12.0,65.0,2.0,34.0,2.0,7.0,2.0,5.0,Brabourne Stadium
Royal Challengers Bangalore,470,4,517,50,16.0,153,28,193,28,419,548,60,22.0,146,25,138,23,2.0,12.0,12.0,0.0,15.0,1.0,4.0,0.0,3.0,Brabourne Stadium
Sunrisers Hyderabad,412,4,595,60,30.0,133,18,147,16,476,635,57,31.0,120,27,205,28,2.0,9.0,17.0,3.0,17.0,0.0,9.0,1.0,0.0,Brabourne Stadium
Chennai Super Kings,1004,8,1272,94,62.0,377,65,333,43,963,1352,98,41.0,317,67,384,60,4.0,13.0,31.0,2.0,37.0,5.0,12.0,1.0,5.0,Dr DY Patil Sports Academy
Deccan Chargers,667,6,707,60,29.0,213,37,291,41,710,760,79,29.0,229,29,290,35,7.0,16.0,20.0,8.0,23.0,2.0,4.0,1.0,2.0,Dr DY Patil Sports Academy
Delhi Capitals,704,6,869,74,39.0,247,41,267,39,754,909,82,45.0,279,41,265,38,6.0,4.0,30.0,3.0,31.0,0.0,6.0,1.0,0.0,Dr DY Patil Sports Academy
Gujarat Titans,508,4,603,59,16.0,197,37,165,28,466,653,50,28.0,148,34,182,22,2.0,6.0,13.0,2.0,16.0,1.0,2.0,0.0,1.0,Dr DY Patil Sports Academy
Kochi Tuskers Kerala,123,1,137,12,5.0,37,9,53,8,123,148,12,5.0,38,12,45,6,0.0,1.0,10.0,0.0,3.0,1.0,1.0,0.0,0.0,Dr DY Patil Sports Academy
Kolkata Knight Riders,724,6,875,75,49.0,204,33,318,42,728,929,64,31.0,270,50,270,40,5.0,12.0,22.0,3.0,29.0,3.0,2.0,2.0,1.0,Dr DY Patil Sports Academy
Lucknow Super Giants,492,4,670,52,31.0,201,37,152,19,504,697,61,27.0,193,26,164,26,3.0,7.0,21.0,0.0,22.0,1.0,2.0,1.0,0.0,Dr DY Patil Sports Academy
Mumbai Indians,1333,11,1561,144,59.0,452,76,503,76,1286,1681,123,78.0,435,68,501,81,3.0,19.0,53.0,2.0,57.0,5.0,12.0,2.0,2.0,Dr DY Patil Sports Academy
Pune Warriors,825,7,932,78,41.0,253,58,352,43,840,985,84,32.0,291,53,331,39,5.0,10.0,27.0,3.0,26.0,4.0,4.0,2.0,2.0,Dr DY Patil Sports Academy
Punjab Kings,603,5,701,64,32.0,178,36,253,34,577,758,58,29.0,202,53,199,23,2.0,9.0,23.0,3.0,19.0,1.0,2.0,1.0,0.0,Dr DY Patil Sports Academy
Rajasthan Royals,729,6,880,76,38.0,258,37,274,46,711,933,73,42.0,253,44,250,27,4.0,9.0,31.0,2.0,22.0,2.0,2.0,0.0,1.0,Dr DY Patil Sports Academy
Royal Challengers Bangalore,716,6,878,74,35.0,250,52,251,34,736,946,70,53.0,218,45,298,42,4.0,12.0,34.0,2.0,29.0,2.0,6.0,0.0,4.0,Dr DY Patil Sports Academy
Sunrisers Hyderabad,470,4,604,49,22.0,192,39,146,17,500,632,57,18.0,186,35,179,31,0.0,3.0,20.0,0.0,17.0,3.0,5.0,0.0,4.0,Dr DY Patil Sports Academy
Chennai Super Kings,1092,9,1527,121,82.0,426,60,351,40,1114,1582,111,64.0,443,66,356,61,3.0,18.0,45.0,3.0,41.0,5.0,10.0,2.0,1.0,Maharashtra Cricket Association Stadium
Delhi Capitals,501,4,691,67,29.0,188,30,153,23,475,729,42,33.0,191,35,149,27,2.0,6.0,16.0,2.0,22.0,1.0,4.0,0.0,0.0,Maharashtra Cricket Association Stadium
Gujarat Lions,248,2,343,37,8.0,92,26,70,17,248,357,27,15.0,96,27,70,8,1.0,4.0,8.0,0.0,2.0,3.0,1.0,0.0,2.0,Maharashtra Cricket Association Stadium
Gujarat Titans,371,3,464,41,15.0,163,22,112,17,334,485,36,15.0,128,13,127,24,1.0,4.0,10.0,0.0,14.0,3.0,1.0,2.0,4.0,Maharashtra Cricket Association Stadium
Kolkata Knight Riders,660,6,902,80,47.0,222,35,239,38,734,945,64,44.0,294,52,253,38,0.0,7.0,14.0,5.0,21.0,4.0,6.0,4.0,0.0,Maharashtra Cricket Association Stadium
Lucknow Super Giants,332,3,392,26,21.0,118,22,132,25,344,411,35,12.0,112,14,149,22,1.0,4.0,16.0,1.0,18.0,1.0,2.0,0.0,1.0,Maharashtra Cricket Association Stadium
Mumbai Indians,729,6,977,78,52.0,259,42,266,31,711,1013,77,48.0,280,46,216,26,1.0,15.0,24.0,0.0,21.0,1.0,3.0,0.0,1.0,Maharashtra Cricket Association Stadium
Pune Warriors,114,1,108,11,1.0,39,8,54,10,125,108,9,2.0,52,7,50,8,0.0,0.0,5.0,0.0,4.0,1.0,2.0,0.0,1.0,Maharashtra Cricket Association Stadium
Punjab Kings,854,7,938,71,44.0,292,44,339,57,808,1013,84,47.0,276,52,300,41,3.0,11.0,32.0,1.0,26.0,4.0,6.0,0.0,4.0,Maharashtra Cricket Association Stadium
Rajasthan Royals,617,5,716,56,32.0,215,39,233,41,626,765,74,27.0,195,37,248,34,2.0,11.0,27.0,2.0,23.0,4.0,4.0,0.0,1.0,Maharashtra Cricket Association Stadium
Rising Pune Supergiant,1286,11,1685,137,62.0,539,107,383,53,1321,1744,151,63.0,529,89,415,67,2.0,22.0,48.0,1.0,37.0,10.0,13.0,0.0,5.0,Maharashtra Cricket Association Stadium
Royal Challengers Bangalore,860,7,966,77,36.0,323,51,316,46,843,1028,84,39.0,307,52,331,48,2.0,6.0,19.0,1.0,32.0,4.0,4.0,1.0,3.0,Maharashtra Cricket Association Stadium
Sunrisers Hyderabad,750,6,891,73,35.0,294,47,261,36,731,935,81,55.0,267,43,245,30,4.0,15.0,19.0,0.0,19.0,2.0,6.0,0.0,3.0,Maharashtra Cricket Association Stadium
Chennai Super Kings,1713,14,2056,181,70.0,665,118,592,68,1706,2169,184,66.0,668,132,572,85,6.0,7.0,65.0,1.0,58.0,6.0,10.0,1.0,6.0,Dubai International Cricket Stadium
Delhi Capitals,1851,15,2247,206,74.0,718,115,633,90,1812,2357,209,73.0,731,119,583,81,7.0,27.0,52.0,3.0,54.0,7.0,14.0,0.0,3.0,Dubai International Cricket Stadium
Kolkata Knight Riders,873,7,1099,109,38.0,312,60,307,43,855,1152,71,48.0,341,59,299,44,4.0,13.0,17.0,1.0,32.0,2.0,5.0,1.0,3.0,Dubai International Cricket Stadium
Mumbai Indians,1194,10,1471,120,61.0,472,67,423,66,1234,1528,125,61.0,428,92,463,59,3.0,22.0,36.0,0.0,40.0,3.0,7.0,3.0,5.0,Dubai International Cricket Stadium
Punjab Kings,1306,11,1703,137,70.0,496,111,424,65,1355,1781,156,56.0,498,77,489,78,4.0,14.0,50.0,5.0,49.0,6.0,16.0,0.0,5.0,Dubai International Cricket Stadium
Rajasthan Royals,1233,10,1483,119,57.0,474,92,438,77,1226,1541,120,69.0,470,87,392,45,5.0,15.0,60.0,1.0,34.0,3.0,5.0,1.0,0.0,Dubai International Cricket Stadium
Royal Challengers Bangalore,1461,12,1731,140,59.0,568,109,487,63,1477,1838,155,60.0,581,106,494,77,8.0,17.0,50.0,6.0,55.0,4.0,15.0,1.0,2.0,Dubai International Cricket Stadium
Sunrisers Hyderabad,1598,13,1963,176,66.0,596,115,550,73,1564,2084,168,62.0,584,115,562,76,3.0,20.0,42.0,4.0,46.0,8.0,17.0,1.0,4.0,Dubai International Cricket Stadium
Chennai Super Kings,724,6,902,64,50.0,273,34,274,32,694,935,64,45.0,305,37,210,30,4.0,11.0,17.0,3.0,23.0,1.0,1.0,0.0,3.0,Sharjah Cricket Stadium
Delhi Capitals,978,8,1205,94,48.0,418,60,316,45,968,1262,76,60.0,366,42,370,53,7.0,9.0,33.0,2.0,34.0,2.0,15.0,0.0,1.0,Sharjah Cricket Stadium
Kolkata Knight Riders,982,8,1128,72,55.0,399,50,347,57,955,1197,103,40.0,379,60,335,44,5.0,12.0,20.0,2.0,20.0,5.0,13.0,0.0,6.0,Sharjah Cricket Stadium
Mumbai Indians,620,6,793,64,42.0,228,20,239,30,717,821,64,20.0,261,47,290,35,1.0,7.0,24.0,1.0,21.0,1.0,7.0,1.0,5.0,Sharjah Cricket Stadium
Punjab Kings,856,7,1161,83,66.0,325,49,278,28,863,1219,69,63.0,308,54,316,50,3.0,14.0,27.0,5.0,27.0,3.0,17.0,0.0,2.0,Sharjah Cricket Stadium
Rajasthan Royals,720,6,909,62,57.0,240,33,291,47,674,946,72,62.0,265,30,193,25,4.0,13.0,26.0,4.0,17.0,2.0,3.0,2.0,0.0,Sharjah Cricket Stadium
Royal Challengers Bangalore,974,8,1165,93,43.0,395,67,322,42,949,1237,69,52.0,407,50,319,43,4.0,13.0,33.0,1.0,29.0,3.0,8.0,1.0,2.0,Sharjah Cricket Stadium
Sunrisers Hyderabad,818,7,896,61,33.0,333,56,284,41,852,966,76,52.0,320,49,318,42,2.0,16.0,15.0,2.0,27.0,0.0,9.0,1.0,2.0,Sharjah Cricket Stadium
Chennai Super Kings,248,2,351,31,14.0,102,19,71,12,237,361,34,14.0,93,16,65,9,3.0,2.0,9.0,1.0,6.0,1.0,2.0,0.0,0.0,"Zayed Cricket Stadium, Abu Dhabi"
Delhi Capitals,126,1,145,10,3.0,59,14,32,6,125,154,8,2.0,51,7,49,6,0.0,1.0,5.0,0.0,4.0,0.0,1.0,1.0,0.0,"Zayed Cricket Stadium, Abu Dhabi"
Kolkata Knight Riders,284,3,404,44,14.0,100,22,88,10,369,424,34,12.0,136,22,143,24,6.0,5.0,9.0,0.0,13.0,3.0,5.0,0.0,3.0,"Zayed Cricket Stadium, Abu Dhabi"
Mumbai Indians,369,3,505,52,19.0,138,21,121,19,340,527,46,13.0,135,32,99,17,2.0,5.0,7.0,1.0,10.0,0.0,3.0,0.0,2.0,"Zayed Cricket Stadium, Abu Dhabi"
Punjab Kings,123,1,129,11,1.0,53,13,39,6,116,135,11,5.0,45,8,45,4,0.0,0.0,2.0,0.0,2.0,0.0,2.0,0.0,0.0,"Zayed Cricket Stadium, Abu Dhabi"
Rajasthan Royals,236,2,298,25,12.0,89,15,80,9,251,311,26,11.0,113,23,65,10,0.0,1.0,11.0,1.0,5.0,0.0,2.0,3.0,0.0,"Zayed Cricket Stadium, Abu Dhabi"
Royal Challengers Bangalore,240,2,220,20,4.0,79,16,111,16,189,229,27,4.0,64,15,70,8,2.0,0.0,7.0,0.0,5.0,0.0,1.0,0.0,1.0,"Zayed Cricket Stadium, Abu Dhabi"
Sunrisers Hyderabad,248,2,320,35,6.0,101,20,76,15,247,334,42,12.0,84,17,82,15,0.0,2.0,7.0,1.0,13.0,1.0,0.0,0.0,1.0,"Zayed Cricket Stadium, Abu Dhabi"
Chennai Super Kings,1220,10,1628,155,68.0,465,63,405,43,1183,1699,141,57.0,459,66,387,58,4.0,23.0,42.0,0.0,40.0,3.0,8.0,0.0,6.0,Arun Jaitley Stadium
Deccan Chargers,491,4,635,62,21.0,203,23,162,28,489,652,52,24.0,188,31,169,23,1.0,6.0,13.0,2.0,14.0,3.0,3.0,1.0,2.0,Arun Jaitley Stadium
Delhi Capitals,8241,70,10441,967,404.0,3174,444,2794,413,8103,10979,951,386.0,3144,423,2750,402,28.0,134.0,245.0,20.0,235.0,46.0,66.0,20.0,26.0,Arun Jaitley Stadium
Gujarat Lions,370,3,529,52,21.0,140,26,117,20,348,542,34,36.0,125,27,109,14,0.0,9.0,7.0,1.0,11.0,1.0,0.0,0.0,1.0,Arun Jaitley Stadium
Kochi Tuskers Kerala,101,1,123,17,3.0,29,4,35,3,125,141,16,2.0,49,4,47,6,1.0,2.0,4.0,0.0,6.0,0.0,0.0,0.0,0.0,Arun Jaitley Stadium
Kolkata Knight Riders,1207,10,1472,133,43.0,495,78,378,68,1240,1571,149,66.0,495,65,411,69,3.0,13.0,31.0,6.0,32.0,12.0,15.0,4.0,5.0,Arun Jaitley Stadium
Mumbai Indians,1587,13,2089,178,94.0,615,83,512,83,1523,2209,183,82.0,607,70,503,70,7.0,19.0,48.0,3.0,37.0,6.0,18.0,4.0,3.0,Arun Jaitley Stadium
Pune Warriors,130,1,177,19,7.0,47,6,38,3,185,192,15,11.0,76,8,66,10,1.0,5.0,3.0,0.0,5.0,1.0,3.0,0.0,0.0,Arun Jaitley Stadium
Punjab Kings,1252,11,1429,139,47.0,459,56,487,72,1240,1502,157,46.0,448,67,436,59,7.0,20.0,53.0,2.0,41.0,5.0,12.0,0.0,1.0,Arun Jaitley Stadium
Rajasthan Royals,1287,11,1625,141,70.0,483,79,459,65,1289,1695,145,67.0,511,72,414,56,1.0,27.0,46.0,1.0,38.0,4.0,9.0,0.0,2.0,Arun Jaitley Stadium
Rising Pune Supergiant,246,2,306,24,12.0,108,14,74,10,251,327,25,12.0,99,19,80,15,1.0,4.0,10.0,0.0,9.0,3.0,2.0,1.0,0.0,Arun Jaitley Stadium
Royal Challengers Bangalore,1045,9,1437,128,67.0,430,46,325,44,1107,1505,141,57.0,416,59,374,61,7.0,18.0,30.0,3.0,33.0,5.0,17.0,3.0,3.0,Arun Jaitley Stadium
Sunrisers Hyderabad,1117,10,1394,138,45.0,432,63,386,50,1211,1459,144,56.0,463,74,426,59,2.0,18.0,27.0,0.0,38.0,4.0,12.0,0.0,4.0,Arun Jaitley Stadium
Chennai Super Kings,6808,56,8599,727,324.0,2579,519,2297,291,6831,9035,692,273.0,2566,468,2449,363,29.0,113.0,200.0,14.0,228.0,35.0,51.0,17.0,16.0,MA Chidambaram Stadium
Deccan Chargers,488,4,604,57,23.0,180,21,174,20,494,634,41,25.0,185,43,173,27,3.0,8.0,11.0,1.0,17.0,1.0,6.0,2.0,1.0,MA Chidambaram Stadium
Delhi Capitals,1186,10,1299,110,33.0,451,96,430,63,1213,1381,143,52.0,437,84,437,56,7.0,15.0,27.0,3.0,33.0,6.0,6.0,2.0,6.0,MA Chidambaram Stadium
Kochi Tuskers Kerala,127,1,132,10,3.0,56,9,40,5,122,141,10,6.0,56,8,38,5,0.0,2.0,2.0,0.0,4.0,0.0,1.0,0.0,0.0,MA Chidambaram Stadium
Kolkata Knight Riders,1490,12,1778,164,69.0,559,68,549,83,1417,1892,159,69.0,556,114,441,50,9.0,17.0,42.0,5.0,39.0,3.0,7.0,0.0,1.0,MA Chidambaram Stadium
Mumbai Indians,1576,13,1830,159,65.0,607,83,585,84,1593,1923,158,55.0,609,95,582,81,14.0,18.0,55.0,3.0,46.0,9.0,14.0,2.0,4.0,MA Chidambaram Stadium
Pune Warriors,369,3,397,33,9.0,137,31,132,21,366,427,35,12.0,147,32,129,19,1.0,1.0,5.0,1.0,16.0,0.0,1.0,1.0,1.0,MA Chidambaram Stadium
Punjab Kings,969,8,1079,88,36.0,387,59,367,57,998,1121,92,48.0,390,72,338,38,3.0,11.0,38.0,3.0,23.0,4.0,6.0,3.0,1.0,MA Chidambaram Stadium
Rajasthan Royals,868,7,1158,104,44.0,330,68,274,41,855,1224,108,47.0,350,69,243,32,4.0,9.0,20.0,3.0,20.0,4.0,3.0,2.0,2.0,MA Chidambaram Stadium
Royal Challengers Bangalore,1482,12,1760,160,56.0,543,104,528,85,1466,1858,145,72.0,520,113,546,80,14.0,18.0,34.0,3.0,51.0,5.0,11.0,2.0,7.0,MA Chidambaram Stadium
Sunrisers Hyderabad,988,8,1180,85,48.0,359,88,353,47,996,1242,114,51.0,372,48,353,46,8.0,16.0,27.0,5.0,31.0,7.0,2.0,3.0,2.0,MA Chidambaram Stadium
Chennai Super Kings,731,6,937,87,27.0,294,60,226,27,691,984,86,21.0,255,65,233,41,0.0,8.0,19.0,1.0,28.0,1.0,8.0,0.0,4.0,Sheikh Zayed Stadium
Delhi Capitals,712,6,833,74,15.0,300,62,223,36,741,871,88,34.0,302,58,221,37,0.0,9.0,23.0,1.0,30.0,2.0,5.0,0.0,0.0,Sheikh Zayed Stadium
Kolkata Knight Riders,1353,11,1566,153,46.0,470,100,510,77,1304,1649,150,33.0,485,119,457,61,4.0,18.0,28.0,4.0,26.0,5.0,19.0,3.0,4.0,Sheikh Zayed Stadium
Mumbai Indians,1097,9,1469,132,63.0,397,79,368,46,1092,1539,136,42.0,394,88,383,54,1.0,10.0,36.0,1.0,35.0,1.0,9.0,2.0,6.0,Sheikh Zayed Stadium
Punjab Kings,735,6,948,86,30.0,287,64,234,36,716,981,88,37.0,250,60,236,28,1.0,14.0,27.0,1.0,14.0,6.0,5.0,1.0,2.0,Sheikh Zayed Stadium
Rajasthan Royals,891,8,1126,108,37.0,301,77,328,39,968,1167,94,43.0,364,70,337,46,6.0,15.0,30.0,7.0,30.0,5.0,8.0,0.0,3.0,Sheikh Zayed Stadium
Royal Challengers Bangalore,661,6,737,76,12.0,246,51,251,34,684,760,61,24.0,242,43,280,31,2.0,11.0,17.0,0.0,24.0,2.0,3.0,0.0,1.0,Sheikh Zayed Stadium
Sunrisers Hyderabad,745,6,851,66,24.0,309,64,236,34,729,906,79,20.0,312,54,229,31,5.0,12.0,15.0,1.0,22.0,1.0,4.0,0.0,4.0,Sheikh Zayed Stadium
Chennai Super Kings,747,6,955,93,35.0,279,39,255,27,723,1003,79,39.0,276,40,258,41,1.0,6.0,21.0,1.0,28.0,5.0,4.0,1.0,1.0,Rajiv Gandhi International Stadium
Deccan Chargers,2221,18,2686,262,83.0,856,122,781,125,2123,2830,282,107.0,719,138,748,84,18.0,43.0,62.0,3.0,51.0,7.0,19.0,1.0,4.0,Rajiv Gandhi International Stadium
Delhi Capitals,906,8,1173,104,49.0,326,63,315,38,943,1239,107,36.0,380,63,319,46,9.0,12.0,19.0,0.0,27.0,4.0,9.0,1.0,3.0,Rajiv Gandhi International Stadium
Gujarat Lions,245,2,253,19,5.0,109,19,85,13,213,261,25,7.0,74,22,76,6,0.0,3.0,6.0,0.0,6.0,0.0,0.0,0.0,0.0,Rajiv Gandhi International Stadium
Kolkata Knight Riders,975,8,1236,110,45.0,375,67,331,40,964,1288,103,46.0,358,71,320,46,7.0,13.0,34.0,5.0,27.0,6.0,7.0,0.0,6.0,Rajiv Gandhi International Stadium
Mumbai Indians,1326,11,1508,134,57.0,462,79,521,63,1303,1594,136,31.0,492,88,492,69,3.0,18.0,31.0,5.0,36.0,9.0,11.0,3.0,6.0,Rajiv Gandhi International Stadium
Pune Warriors,228,2,236,23,7.0,66,15,110,14,243,241,23,3.0,118,15,80,14,0.0,1.0,3.0,0.0,8.0,0.0,4.0,0.0,2.0,Rajiv Gandhi International Stadium
Punjab Kings,1202,10,1531,132,69.0,425,77,437,64,1224,1600,137,51.0,482,85,394,62,6.0,14.0,38.0,7.0,39.0,6.0,11.0,4.0,2.0,Rajiv Gandhi International Stadium
Rajasthan Royals,732,6,882,80,30.0,276,50,260,37,709,920,87,29.0,253,54,245,33,2.0,9.0,25.0,2.0,24.0,2.0,3.0,1.0,1.0,Rajiv Gandhi International Stadium
Rising Pune Supergiant,320,3,341,25,10.0,121,27,113,17,370,370,25,13.0,128,28,161,25,0.0,3.0,10.0,1.0,16.0,3.0,3.0,0.0,1.0,Rajiv Gandhi International Stadium
Royal Challengers Bangalore,1141,10,1377,121,50.0,417,81,426,73,1194,1429,135,68.0,476,88,358,56,10.0,21.0,34.0,4.0,35.0,8.0,9.0,1.0,2.0,Rajiv Gandhi International Stadium
Sunrisers Hyderabad,5170,44,6440,558,218.0,2001,405,1718,244,5204,6744,522,228.0,1957,352,1901,273,15.0,60.0,141.0,14.0,160.0,31.0,46.0,5.0,24.0,Rajiv Gandhi International Stadium
Chennai Super Kings,243,2,322,24,17.0,90,17,81,10,229,344,24,8.0,91,9,88,19,1.0,3.0,5.0,0.0,12.0,0.0,4.0,1.0,2.0,Dr. Y.S. Rajasekhara Reddy ACA-VDCA Cricket Stadium
Deccan Chargers,229,2,248,17,12.0,94,7,91,19,247,257,18,20.0,94,17,84,11,1.0,4.0,6.0,3.0,5.0,0.0,3.0,0.0,0.0,Dr. Y.S. Rajasekhara Reddy ACA-VDCA Cricket Stadium
Delhi Capitals,611,5,698,58,29.0,231,30,238,37,557,726,59,35.0,209,26,197,25,2.0,9.0,15.0,2.0,16.0,2.0,6.0,0.0,0.0,Dr. Y.S. Rajasekhara Reddy ACA-VDCA Cricket Stadium
Kolkata Knight Riders,74,1,98,6,5.0,34,5,22,4,122,101,15,7.0,47,10,38,4,1.0,1.0,1.0,1.0,3.0,0.0,1.0,0.0,0.0,Dr. Y.S. Rajasekhara Reddy ACA-VDCA Cricket Stadium
Mumbai Indians,466,4,539,36,31.0,164,15,198,28,468,564,49,19.0,181,25,173,25,0.0,6.0,11.0,3.0,12.0,3.0,8.0,0.0,1.0,Dr. Y.S. Rajasekhara Reddy ACA-VDCA Cricket Stadium
Punjab Kings,229,2,284,25,10.0,90,17,75,10,249,299,19,16.0,82,9,108,15,0.0,3.0,9.0,0.0,11.0,0.0,3.0,1.0,0.0,Dr. Y.S. Rajasekhara Reddy ACA-VDCA Cricket Stadium
Rajasthan Royals,124,1,124,15,0.0,44,10,48,4,125,131,11,4.0,35,9,60,5,1.0,0.0,4.0,1.0,1.0,1.0,1.0,0.0,2.0,Dr. Y.S. Rajasekhara Reddy ACA-VDCA Cricket Stadium
Rising Pune Supergiant,319,3,364,34,13.0,117,15,121,15,368,382,32,17.0,143,23,143,21,0.0,2.0,8.0,0.0,14.0,0.0,2.0,2.0,3.0,Dr. Y.S. Rajasekhara Reddy ACA-VDCA Cricket Stadium
Sunrisers Hyderabad,742,6,908,76,37.0,273,50,272,36,672,942,64,28.0,255,38,255,38,0.0,7.0,22.0,3.0,26.0,2.0,4.0,1.0,3.0,Dr. Y.S. Rajasekhara Reddy ACA-VDCA Cricket Stadium
Chennai Super Kings,708,6,1029,95,42.0,274,55,208,22,718,1064,101,37.0,275,43,227,36,0.0,13.0,16.0,4.0,30.0,2.0,1.0,1.0,2.0,Punjab Cricket Association Stadium
Deccan Chargers,244,2,351,29,15.0,93,22,73,8,244,365,33,15.0,94,17,70,10,0.0,6.0,7.0,0.0,9.0,0.0,0.0,1.0,0.0,Punjab Cricket Association Stadium
Delhi Capitals,832,7,920,93,18.0,312,58,303,55,747,976,98,29.0,253,53,268,36,3.0,12.0,24.0,1.0,21.0,5.0,4.0,2.0,3.0,Punjab Cricket Association Stadium
Gujarat Lions,230,2,342,39,8.0,98,17,55,9,247,354,28,11.0,106,28,64,9,0.0,2.0,7.0,1.0,5.0,0.0,3.0,0.0,1.0,Punjab Cricket Association Stadium
Kolkata Knight Riders,818,7,1050,106,30.0,302,69,266,35,867,1111,98,26.0,340,71,281,48,1.0,16.0,26.0,5.0,24.0,4.0,10.0,4.0,3.0,Punjab Cricket Association Stadium
Mumbai Indians,941,8,1172,121,31.0,352,69,318,53,980,1224,113,40.0,360,86,325,49,3.0,17.0,29.0,3.0,29.0,8.0,7.0,0.0,2.0,Punjab Cricket Association Stadium
Pune Warriors,352,3,388,44,10.0,106,23,144,19,346,420,42,7.0,129,32,126,14,0.0,5.0,1.0,1.0,10.0,0.0,3.0,0.0,1.0,Punjab Cricket Association Stadium
Punjab Kings,6627,56,8619,821,283.0,2501,509,2153,318,6642,9044,846,243.0,2529,538,2121,312,22.0,119.0,187.0,11.0,174.0,23.0,69.0,8.0,23.0,Punjab Cricket Association Stadium
Rajasthan Royals,859,7,1122,104,37.0,324,68,278,42,867,1167,102,47.0,312,55,290,44,7.0,19.0,24.0,7.0,26.0,4.0,8.0,0.0,1.0,Punjab Cricket Association Stadium
Rising Pune Supergiant,123,1,141,18,0.0,49,10,38,7,114,152,15,4.0,47,10,36,4,0.0,0.0,2.0,0.0,2.0,0.0,1.0,0.0,1.0,Punjab Cricket Association Stadium
Royal Challengers Bangalore,796,7,1060,109,23.0,317,78,222,34,767,1116,105,36.0,299,64,216,30,2.0,14.0,23.0,3.0,17.0,2.0,6.0,3.0,2.0,Punjab Cricket Association Stadium
Sunrisers Hyderabad,739,6,977,88,29.0,302,69,216,28,730,1015,86,31.0,286,50,250,38,1.0,12.0,10.0,2.0,26.0,3.0,7.0,0.0,2.0,Punjab Cricket Association Stadium
Chennai Super Kings,1028,9,1348,116,71.0,362,45,379,54,1031,1418,106,68.0,367,56,370,57,2.0,22.0,35.0,1.0,35.0,6.0,11.0,2.0,2.0,M Chinnaswamy Stadium
Deccan Chargers,366,3,500,47,22.0,150,15,113,11,369,520,47,21.0,143,17,117,19,0.0,6.0,16.0,0.0,9.0,1.0,6.0,0.0,3.0,M Chinnaswamy Stadium
Delhi Capitals,1226,10,1570,153,52.0,471,77,401,58,1112,1658,121,63.0,435,65,370,60,4.0,23.0,27.0,1.0,31.0,12.0,12.0,2.0,2.0,M Chinnaswamy Stadium
Gujarat Lions,334,3,366,34,17.0,115,6,134,23,360,397,37,31.0,133,17,119,19,2.0,11.0,8.0,1.0,12.0,2.0,4.0,0.0,1.0,M Chinnaswamy Stadium
Kochi Tuskers Kerala,129,1,115,12,0.0,48,8,51,9,82,125,14,6.0,19,6,33,1,1.0,2.0,2.0,0.0,0.0,0.0,1.0,0.0,0.0,M Chinnaswamy Stadium
Kolkata Knight Riders,1376,13,1868,161,92.0,474,88,471,75,1418,1986,154,81.0,507,95,497,68,5.0,23.0,55.0,2.0,44.0,3.0,13.0,0.0,4.0,M Chinnaswamy Stadium
Mumbai Indians,1429,12,1752,165,73.0,512,63,507,61,1482,1894,154,72.0,534,66,557,76,9.0,33.0,52.0,4.0,44.0,8.0,15.0,1.0,6.0,M Chinnaswamy Stadium
Pune Warriors,371,3,450,41,16.0,146,22,126,20,373,470,42,45.0,136,17,115,14,4.0,4.0,9.0,2.0,10.0,1.0,2.0,0.0,1.0,M Chinnaswamy Stadium
Punjab Kings,1397,12,1765,176,64.0,498,79,491,80,1442,1872,182,116.0,493,65,511,70,10.0,18.0,45.0,3.0,40.0,5.0,18.0,0.0,4.0,M Chinnaswamy Stadium
Rajasthan Royals,734,7,952,96,42.0,251,29,283,35,836,991,114,42.0,260,48,317,46,4.0,11.0,32.0,6.0,31.0,5.0,8.0,0.0,2.0,M Chinnaswamy Stadium
Rising Pune Supergiant,252,2,332,37,11.0,95,10,82,14,242,352,21,16.0,103,14,74,12,1.0,7.0,4.0,1.0,5.0,0.0,5.0,1.0,1.0,M Chinnaswamy Stadium
Royal Challengers Bangalore,8777,76,11704,1004,592.0,3134,462,3063,438,8766,12322,1047,481.0,3208,436,3047,435,35.0,147.0,323.0,25.0,273.0,36.0,76.0,16.0,20.0,M Chinnaswamy Stadium
Sunrisers Hyderabad,982,8,1313,110,65.0,383,44,325,44,888,1385,113,75.0,301,46,299,45,1.0,17.0,35.0,1.0,30.0,4.0,10.0,0.0,1.0,M Chinnaswamy Stadium
Chennai Super Kings,736,6,847,77,24.0,251,64,269,33,687,904,78,22.0,238,45,268,36,1.0,8.0,21.0,0.0,24.0,2.0,6.0,0.0,2.0,Sawai Mansingh Stadium
Deccan Chargers,247,2,317,33,10.0,94,14,82,10,225,336,38,8.0,91,12,62,7,1.0,0.0,10.0,1.0,6.0,0.0,1.0,0.0,0.0,Sawai Mansingh Stadium
Delhi Capitals,619,6,818,87,26.0,199,53,219,29,704,858,91,24.0,261,58,228,29,5.0,11.0,20.0,3.0,13.0,5.0,11.0,0.0,0.0,Sawai Mansingh Stadium
Kochi Tuskers Kerala,123,1,100,8,0.0,50,9,50,10,86,109,11,3.0,29,7,33,2,0.0,1.0,1.0,0.0,0.0,1.0,1.0,0.0,0.0,Sawai Mansingh Stadium
Kolkata Knight Riders,682,6,833,72,32.0,251,45,239,36,749,881,90,24.0,277,54,250,33,9.0,20.0,20.0,3.0,11.0,5.0,10.0,2.0,3.0,Sawai Mansingh Stadium
Mumbai Indians,858,7,925,86,22.0,307,67,314,42,858,996,88,26.0,314,71,305,37,7.0,12.0,29.0,2.0,21.0,8.0,4.0,0.0,1.0,Sawai Mansingh Stadium
Pune Warriors,371,3,426,47,7.0,137,26,137,20,363,446,47,15.0,136,26,123,13,1.0,3.0,6.0,2.0,8.0,0.0,3.0,0.0,1.0,Sawai Mansingh Stadium
Punjab Kings,736,6,878,87,26.0,270,48,266,44,708,930,106,24.0,245,43,241,30,10.0,13.0,23.0,1.0,18.0,3.0,4.0,1.0,2.0,Sawai Mansingh Stadium
Rajasthan Royals,5594,47,6876,697,180.0,2036,427,1925,232,5556,7282,650,183.0,1978,411,2002,286,21.0,97.0,170.0,19.0,160.0,29.0,55.0,14.0,15.0,Sawai Mansingh Stadium
Royal Challengers Bangalore,812,7,1019,110,31.0,273,49,304,38,868,1067,106,22.0,312,78,297,34,4.0,17.0,26.0,3.0,23.0,4.0,3.0,1.0,2.0,Sawai Mansingh Stadium
Sunrisers Hyderabad,372,3,434,43,5.0,146,36,122,24,346,455,42,12.0,133,33,118,11,0.0,4.0,4.0,0.0,9.0,0.0,2.0,0.0,0.0,Sawai Mansingh Stadium
Kochi Tuskers Kerala,177,2,244,21,14.0,57,8,59,9,231,276,26,14.0,62,7,111,14,0.0,3.0,7.0,0.0,6.0,1.0,4.0,0.0,2.0,Holkar Cricket Stadium
Kolkata Knight Riders,125,1,240,24,15.0,47,2,31,6,126,245,12,16.0,55,4,32,8,0.0,1.0,6.0,0.0,6.0,0.0,1.0,0.0,1.0,Holkar Cricket Stadium
Mumbai Indians,214,2,361,26,26.0,89,6,56,6,252,375,27,20.0,102,9,76,10,2.0,7.0,10.0,0.0,6.0,1.0,2.0,0.0,0.0,Holkar Cricket Stadium
Punjab Kings,916,8,1263,95,75.0,353,34,301,42,888,1324,108,69.0,377,30,256,38,1.0,13.0,31.0,1.0,23.0,3.0,6.0,0.0,4.0,Holkar Cricket Stadium
Rajasthan Royals,234,2,238,25,5.0,82,13,101,19,163,249,22,13.0,43,16,60,6,2.0,2.0,5.0,0.0,4.0,0.0,2.0,0.0,0.0,Holkar Cricket Stadium
Rising Pune Supergiant,125,1,157,11,7.0,67,2,32,6,122,163,10,9.0,50,3,40,4,0.0,1.0,8.0,0.0,2.0,0.0,1.0,0.0,0.0,Holkar Cricket Stadium
Royal Challengers Bangalore,174,2,232,19,13.0,64,7,63,4,183,240,16,14.0,70,3,68,12,0.0,6.0,5.0,0.0,6.0,3.0,2.0,0.0,1.0,Holkar Cricket Stadium
Delhi Capitals,119,1,194,31,4.0,34,6,42,8,124,197,20,6.0,52,8,30,5,0.0,4.0,4.0,0.0,2.0,1.0,2.0,0.0,0.0,Green Park
Gujarat Lions,442,4,607,70,21.0,161,20,141,23,479,647,81,15.0,171,22,171,26,1.0,8.0,11.0,0.0,17.0,4.0,3.0,0.0,0.0,Green Park
Kolkata Knight Riders,125,1,117,10,4.0,49,2,53,8,89,124,11,4.0,30,5,30,4,0.0,1.0,8.0,0.0,1.0,1.0,1.0,0.0,1.0,Green Park
Mumbai Indians,125,1,164,17,7.0,44,5,45,8,111,172,24,5.0,37,2,37,4,0.0,2.0,4.0,0.0,2.0,0.0,1.0,0.0,1.0,Green Park
Sunrisers Hyderabad,110,1,154,23,0.0,44,9,31,2,118,158,15,6.0,42,5,44,10,0.0,3.0,2.0,1.0,3.0,0.0,6.0,0.0,1.0,Green Park
Delhi Capitals,106,1,147,16,4.0,44,6,32,2,123,150,14,2.0,42,15,43,7,0.0,3.0,3.0,0.0,2.0,1.0,3.0,1.0,0.0,Saurashtra Cricket Association Stadium
Gujarat Lions,1227,10,1546,144,51.0,468,92,396,61,1154,1629,162,53.0,459,106,328,48,1.0,9.0,27.0,4.0,26.0,6.0,7.0,2.0,6.0,Saurashtra Cricket Association Stadium
Kolkata Knight Riders,96,1,169,18,8.0,33,8,21,0,122,184,20,6.0,51,6,35,4,0.0,2.0,2.0,0.0,3.0,0.0,0.0,0.0,1.0,Saurashtra Cricket Association Stadium
Mumbai Indians,126,1,163,17,4.0,51,10,43,12,137,164,13,6.0,43,6,55,9,3.0,2.0,8.0,1.0,3.0,1.0,3.0,1.0,0.0,Saurashtra Cricket Association Stadium
Punjab Kings,243,2,333,32,10.0,94,24,73,17,247,342,27,4.0,99,24,81,16,0.0,2.0,7.0,2.0,7.0,1.0,5.0,0.0,2.0,Saurashtra Cricket Association Stadium
Rising Pune Supergiant,244,2,327,28,12.0,99,22,76,13,225,334,34,13.0,72,13,76,6,1.0,6.0,8.0,1.0,3.0,0.0,1.0,2.0,0.0,Saurashtra Cricket Association Stadium
Royal Challengers Bangalore,245,2,386,37,15.0,101,22,62,4,250,393,25,19.0,101,18,70,11,2.0,5.0,11.0,0.0,8.0,1.0,0.0,1.0,0.0,Saurashtra Cricket Association Stadium
Sunrisers Hyderabad,94,1,127,14,0.0,37,14,21,0,123,137,11,1.0,60,10,36,8,0.0,2.0,3.0,0.0,6.0,0.0,2.0,0.0,0.0,Saurashtra Cricket Association Stadium
Chennai Super Kings,120,1,112,10,3.0,40,7,56,6,100,119,15,3.0,36,3,43,4,0.0,0.0,0.0,0.0,3.0,0.0,1.0,0.0,0.0,Shaheed Veer Narayan Singh International Stadium
Delhi Capitals,708,6,837,82,25.0,259,48,261,28,723,877,79,19.0,243,68,282,32,0.0,11.0,14.0,1.0,22.0,4.0,5.0,0.0,1.0,Shaheed Veer Narayan Singh International Stadium
Kolkata Knight Riders,125,1,129,14,4.0,32,7,60,7,108,136,13,4.0,36,10,42,3,0.0,1.0,1.0,0.0,3.0,0.0,0.0,0.0,0.0,Shaheed Veer Narayan Singh International Stadium
Pune Warriors,123,1,143,18,1.0,37,11,48,4,128,149,12,8.0,40,7,51,5,0.0,2.0,8.0,0.0,5.0,0.0,0.0,0.0,0.0,Shaheed Veer Narayan Singh International Stadium
Royal Challengers Bangalore,111,1,129,13,2.0,42,10,41,4,125,139,9,3.0,59,9,39,8,1.0,1.0,4.0,0.0,7.0,1.0,0.0,0.0,0.0,Shaheed Veer Narayan Singh International Stadium
Sunrisers Hyderabad,244,2,314,24,9.0,92,33,77,11,247,321,33,7.0,88,19,86,8,0.0,7.0,7.0,0.0,4.0,1.0,1.0,1.0,0.0,Shaheed Veer Narayan Singh International Stadium
Chennai Super Kings,592,5,725,56,28.0,243,39,193,22,594,760,54,32.0,195,39,242,34,2.0,12.0,13.0,2.0,18.0,4.0,7.0,1.0,3.0,JSCA International Stadium Complex
Kolkata Knight Riders,346,3,369,36,9.0,118,17,148,21,345,393,29,17.0,140,31,117,16,1.0,6.0,2.0,1.0,7.0,1.0,4.0,1.0,3.0,JSCA International Stadium Complex
Pune Warriors,121,1,169,11,9.0,50,9,40,4,123,170,15,3.0,49,6,43,7,0.0,2.0,3.0,0.0,2.0,2.0,1.0,0.0,1.0,JSCA International Stadium Complex
Rajasthan Royals,123,1,136,10,7.0,39,6,53,8,123,148,9,5.0,54,9,37,5,0.0,3.0,5.0,0.0,3.0,0.0,2.0,0.0,0.0,JSCA International Stadium Complex
Royal Challengers Bangalore,368,3,373,24,15.0,129,29,153,22,365,396,32,8.0,142,23,140,16,0.0,5.0,10.0,1.0,12.0,1.0,2.0,0.0,1.0,JSCA International Stadium Complex
Sunrisers Hyderabad,121,1,184,17,7.0,47,12,33,4,121,189,15,10.0,46,4,41,3,0.0,3.0,1.0,0.0,1.0,1.0,0.0,0.0,1.0,JSCA International Stadium Complex
Chennai Super Kings,246,2,304,29,9.0,91,20,85,10,233,316,27,13.0,102,21,66,10,0.0,1.0,3.0,0.0,6.0,2.0,1.0,0.0,0.0,"Sardar Patel Stadium, Motera"
Deccan Chargers,127,1,137,8,6.0,56,5,40,9,97,148,11,9.0,34,4,35,2,0.0,1.0,3.0,0.0,0.0,1.0,0.0,1.0,0.0,"Sardar Patel Stadium, Motera"
Delhi Capitals,233,2,263,24,8.0,95,12,77,13,250,281,27,16.0,91,13,88,12,1.0,5.0,9.0,0.0,5.0,3.0,2.0,1.0,1.0,"Sardar Patel Stadium, Motera"
Kolkata Knight Riders,246,2,279,24,7.0,107,15,77,11,247,294,32,8.0,98,21,71,13,1.0,7.0,6.0,1.0,9.0,2.0,0.0,1.0,1.0,"Sardar Patel Stadium, Motera"
Mumbai Indians,244,2,331,29,17.0,73,17,96,9,246,342,22,11.0,83,32,85,11,3.0,1.0,8.0,0.0,9.0,0.0,1.0,1.0,0.0,"Sardar Patel Stadium, Motera"
Punjab Kings,128,1,199,15,10.0,40,18,38,8,130,206,17,8.0,47,10,38,8,2.0,3.0,5.0,0.0,4.0,1.0,2.0,1.0,0.0,"Sardar Patel Stadium, Motera"
Rajasthan Royals,1450,12,1825,152,69.0,560,112,482,75,1443,1912,154,61.0,555,104,482,70,5.0,39.0,32.0,6.0,32.0,13.0,16.0,3.0,2.0,"Sardar Patel Stadium, Motera"
Royal Challengers Bangalore,97,1,129,10,4.0,45,10,26,1,123,134,10,3.0,58,5,43,9,0.0,1.0,3.0,0.0,4.0,1.0,3.0,0.0,1.0,"Sardar Patel Stadium, Motera"
Sunrisers Hyderabad,122,1,122,15,0.0,48,7,43,9,124,134,6,1.0,47,6,56,10,0.0,1.0,5.0,1.0,7.0,1.0,1.0,0.0,0.0,"Sardar Patel Stadium, Motera"
Chennai Super Kings,123,1,183,19,4.0,49,17,30,6,125,187,24,13.0,37,5,36,4,0.0,5.0,5.0,0.0,2.0,0.0,2.0,0.0,0.0,Barabati Stadium
Deccan Chargers,484,4,636,53,24.0,207,34,152,25,489,653,59,17.0,179,35,173,27,2.0,9.0,13.0,1.0,15.0,4.0,6.0,0.0,1.0,Barabati Stadium
Delhi Capitals,121,1,157,13,6.0,52,7,38,9,121,161,15,9.0,44,5,46,6,1.0,1.0,0.0,0.0,4.0,1.0,1.0,0.0,0.0,Barabati Stadium
Kolkata Knight Riders,348,3,400,44,5.0,130,32,119,10,368,419,37,8.0,150,24,134,20,2.0,4.0,6.0,1.0,10.0,2.0,7.0,1.0,0.0,Barabati Stadium
Mumbai Indians,125,1,134,11,4.0,43,8,51,5,116,141,14,3.0,45,9,40,4,0.0,1.0,4.0,0.0,1.0,0.0,3.0,0.0,0.0,Barabati Stadium
Pune Warriors,125,1,167,16,5.0,46,13,40,5,121,173,16,6.0,49,13,30,4,1.0,5.0,0.0,2.0,1.0,0.0,3.0,0.0,0.0,Barabati Stadium
Punjab Kings,369,3,518,59,20.0,123,18,128,20,355,544,50,12.0,146,38,99,15,0.0,2.0,7.0,0.0,9.0,3.0,2.0,0.0,0.0,Barabati Stadium
Chennai Super Kings,245,2,309,26,9.0,117,16,69,8,243,319,21,9.0,97,18,89,12,1.0,2.0,6.0,0.0,4.0,5.0,1.0,0.0,1.0,Subrata Roy Sahara Stadium
Deccan Chargers,122,1,166,11,8.0,61,5,30,4,126,177,9,9.0,52,4,44,7,1.0,3.0,5.0,0.0,4.0,1.0,2.0,0.0,0.0,Subrata Roy Sahara Stadium
Delhi Capitals,349,3,389,40,10.0,138,14,123,19,365,426,41,17.0,154,20,121,11,1.0,5.0,4.0,1.0,8.0,1.0,2.0,0.0,0.0,Subrata Roy Sahara Stadium
Kolkata Knight Riders,368,3,428,41,10.0,146,25,128,14,368,450,19,9.0,161,15,143,26,1.0,7.0,10.0,2.0,15.0,0.0,4.0,4.0,1.0,Subrata Roy Sahara Stadium
Mumbai Indians,239,2,221,21,5.0,95,6,102,14,247,236,17,4.0,97,16,103,14,1.0,2.0,6.0,1.0,7.0,1.0,2.0,0.0,4.0,Subrata Roy Sahara Stadium
Pune Warriors,1832,15,1950,138,71.0,745,101,690,100,1747,2045,196,58.0,723,94,596,71,11.0,26.0,35.0,5.0,47.0,9.0,10.0,2.0,3.0,Subrata Roy Sahara Stadium
Punjab Kings,201,2,230,25,5.0,75,12,74,10,245,244,20,9.0,88,12,103,15,2.0,8.0,3.0,0.0,4.0,3.0,7.0,0.0,0.0,Subrata Roy Sahara Stadium
Rajasthan Royals,221,2,264,30,5.0,94,10,76,8,239,271,16,10.0,96,16,85,9,1.0,9.0,6.0,0.0,4.0,1.0,3.0,0.0,1.0,Subrata Roy Sahara Stadium
Royal Challengers Bangalore,248,2,339,30,15.0,94,17,80,6,245,360,23,13.0,97,11,88,18,0.0,5.0,5.0,0.0,8.0,1.0,5.0,2.0,2.0,Subrata Roy Sahara Stadium
Chennai Super Kings,244,2,301,31,13.0,78,10,99,11,224,315,37,10.0,73,12,82,7,0.0,5.0,5.0,0.0,4.0,0.0,2.0,0.0,1.0,Himachal Pradesh Cricket Association Stadium
Deccan Chargers,245,2,347,36,11.0,101,15,65,7,241,376,35,8.0,62,14,110,13,1.0,5.0,6.0,0.0,10.0,1.0,1.0,1.0,0.0,Himachal Pradesh Cricket Association Stadium
Delhi Capitals,358,3,416,43,20.0,87,17,173,19,373,450,53,17.0,112,13,156,18,0.0,8.0,13.0,0.0,13.0,0.0,4.0,0.0,0.0,Himachal Pradesh Cricket Association Stadium
Mumbai Indians,118,1,124,10,5.0,42,6,50,9,124,133,24,5.0,40,5,43,8,0.0,3.0,4.0,0.0,2.0,1.0,3.0,0.0,2.0,Himachal Pradesh Cricket Association Stadium
Punjab Kings,1088,9,1420,166,55.0,318,50,430,48,1071,1502,132,53.0,334,55,438,56,3.0,22.0,28.0,3.0,40.0,0.0,8.0,3.0,4.0,Himachal Pradesh Cricket Association Stadium
Royal Challengers Bangalore,106,1,112,12,4.0,26,7,51,10,126,121,17,15.0,31,6,39,2,2.0,8.0,4.0,4.0,2.0,0.0,0.0,0.0,0.0,Himachal Pradesh Cricket Association Stadium
Chennai Super Kings,104,1,128,15,3.0,38,6,39,4,92,131,12,7.0,30,3,35,3,0.0,1.0,2.0,0.0,3.0,0.0,0.0,0.0,0.0,Nehru Stadium
Deccan Chargers,125,1,122,13,1.0,41,10,52,7,103,129,9,0.0,29,1,58,10,0.0,2.0,4.0,0.0,5.0,0.0,4.0,0.0,1.0,Nehru Stadium
Delhi Capitals,125,1,141,12,7.0,35,8,53,7,114,157,9,3.0,47,5,46,10,0.0,1.0,1.0,2.0,6.0,0.0,4.0,0.0,0.0,Nehru Stadium
Kochi Tuskers Kerala,558,5,610,56,19.0,214,24,217,33,597,645,67,20.0,203,40,233,29,5.0,9.0,18.0,1.0,13.0,6.0,4.0,0.0,6.0,Nehru Stadium
Kolkata Knight Riders,122,1,136,15,2.0,44,10,48,7,125,139,13,4.0,54,8,39,5,2.0,1.0,3.0,0.0,4.0,1.0,0.0,0.0,0.0,Nehru Stadium
Royal Challengers Bangalore,121,1,149,12,7.0,45,6,41,4,124,162,13,5.0,54,7,39,5,1.0,2.0,3.0,1.0,3.0,0.0,1.0,1.0,0.0,Nehru Stadium
Chennai Super Kings,123,1,130,9,3.0,51,11,41,8,121,138,8,6.0,36,12,50,4,0.0,2.0,6.0,0.0,3.0,0.0,0.0,1.0,0.0,"Vidarbha Cricket Association Stadium, Jamtha"
Deccan Chargers,371,3,420,34,16.0,120,32,145,20,371,447,32,10.0,139,36,130,28,0.0,7.0,14.0,2.0,17.0,3.0,5.0,0.0,2.0,"Vidarbha Cricket Association Stadium, Jamtha"
Rajasthan Royals,123,1,147,14,4.0,41,13,45,10,126,159,15,5.0,39,9,49,10,1.0,1.0,6.0,1.0,8.0,1.0,1.0,0.0,0.0,"Vidarbha Cricket Association Stadium, Jamtha"
Royal Challengers Bangalore,125,1,125,9,3.0,47,12,44,10,124,138,11,5.0,45,11,46,6,1.0,2.0,3.0,0.0,3.0,1.0,1.0,1.0,0.0,"Vidarbha Cricket Association Stadium, Jamtha"
Chennai Super Kings,248,2,294,26,9.0,99,17,84,15,236,309,31,8.0,73,18,98,12,3.0,5.0,0.0,0.0,4.0,0.0,6.0,1.0,1.0,New Wanderers Stadium
Deccan Chargers,374,3,422,35,14.0,112,43,152,18,371,442,31,14.0,126,30,146,21,3.0,8.0,8.0,2.0,14.0,2.0,3.0,2.0,0.0,New Wanderers Stadium
Delhi Capitals,352,3,385,36,6.0,135,30,128,18,367,404,29,15.0,137,27,142,21,3.0,2.0,10.0,1.0,15.0,1.0,1.0,1.0,1.0,New Wanderers Stadium
Kolkata Knight Riders,250,2,268,17,11.0,83,22,102,13,232,283,27,7.0,81,20,83,7,2.0,4.0,7.0,2.0,5.0,2.0,0.0,0.0,0.0,New Wanderers Stadium
Mumbai Indians,122,1,143,13,3.0,41,12,47,4,116,149,14,4.0,33,13,43,1,0.0,1.0,7.0,0.0,1.0,0.0,0.0,0.0,0.0,New Wanderers Stadium
Punjab Kings,126,1,127,10,3.0,48,9,48,7,124,134,12,4.0,28,14,62,8,2.0,0.0,2.0,1.0,1.0,1.0,3.0,2.0,0.0,New Wanderers Stadium
Royal Challengers Bangalore,468,4,545,48,18.0,154,40,183,17,494,571,41,12.0,194,51,170,22,1.0,7.0,13.0,0.0,16.0,0.0,4.0,0.0,2.0,New Wanderers Stadium
Chennai Super Kings,361,3,506,50,21.0,126,25,117,11,352,537,40,18.0,134,34,114,15,1.0,6.0,6.0,0.0,9.0,1.0,3.0,0.0,1.0,SuperSport Park
Deccan Chargers,485,4,566,46,20.0,183,35,167,25,487,605,52,18.0,162,43,187,24,2.0,7.0,13.0,2.0,13.0,2.0,4.0,2.0,3.0,SuperSport Park
Delhi Capitals,477,4,576,59,17.0,168,34,171,25,484,612,57,18.0,159,33,178,26,5.0,12.0,21.0,2.0,12.0,4.0,3.0,2.0,4.0,SuperSport Park
Kolkata Knight Riders,245,2,348,34,13.0,89,21,81,7,253,362,31,13.0,92,18,77,7,2.0,4.0,15.0,1.0,4.0,2.0,0.0,0.0,0.0,SuperSport Park
Mumbai Indians,356,3,380,41,9.0,112,22,143,18,364,413,35,15.0,123,19,144,21,3.0,6.0,16.0,2.0,11.0,4.0,6.0,0.0,0.0,SuperSport Park
Punjab Kings,241,2,269,22,11.0,83,16,90,12,213,293,31,13.0,60,15,84,5,2.0,2.0,5.0,0.0,4.0,0.0,0.0,0.0,1.0,SuperSport Park
Rajasthan Royals,331,3,360,32,12.0,114,20,135,17,370,380,35,12.0,138,21,148,22,3.0,5.0,7.0,0.0,11.0,1.0,6.0,1.0,2.0,SuperSport Park
Royal Challengers Bangalore,370,3,435,34,17.0,124,32,146,18,343,451,37,13.0,131,22,118,13,2.0,3.0,11.0,3.0,8.0,2.0,3.0,0.0,0.0,SuperSport Park
Chennai Super Kings,493,4,557,53,16.0,196,26,177,34,486,590,45,20.0,184,35,183,25,1.0,6.0,10.0,1.0,17.0,1.0,2.0,0.0,4.0,Kingsmead
Deccan Chargers,369,3,466,38,21.0,142,23,120,23,380,498,42,19.0,144,16,132,20,6.0,7.0,14.0,0.0,15.0,1.0,1.0,0.0,1.0,Kingsmead
Delhi Capitals,363,3,498,49,16.0,130,34,121,13,372,519,41,16.0,147,29,119,22,2.0,6.0,12.0,0.0,13.0,4.0,5.0,0.0,0.0,Kingsmead
Kolkata Knight Riders,426,4,452,38,14.0,151,28,175,16,491,474,51,12.0,171,36,195,21,0.0,4.0,18.0,2.0,14.0,4.0,3.0,0.0,0.0,Kingsmead
Mumbai Indians,382,3,373,27,10.0,140,30,140,24,375,415,32,12.0,157,17,129,24,0.0,9.0,15.0,3.0,13.0,3.0,6.0,1.0,1.0,Kingsmead
Punjab Kings,746,6,732,56,22.0,285,44,286,40,681,812,75,27.0,222,48,271,39,5.0,5.0,20.0,5.0,25.0,2.0,8.0,0.0,3.0,Kingsmead
Rajasthan Royals,371,3,441,48,14.0,121,19,153,20,374,457,30,8.0,118,23,165,24,2.0,8.0,16.0,3.0,11.0,4.0,2.0,2.0,4.0,Kingsmead
Royal Challengers Bangalore,493,4,557,52,17.0,172,33,192,31,484,588,45,16.0,194,33,170,26,0.0,11.0,12.0,2.0,17.0,4.0,2.0,0.0,2.0,Kingsmead
Delhi Capitals,251,2,251,17,3.0,90,33,90,12,249,270,24,5.0,64,16,115,13,6.0,7.0,8.0,0.0,9.0,0.0,2.0,2.0,0.0,OUTsurance Oval
Punjab Kings,122,1,114,11,4.0,27,7,63,4,127,123,6,1.0,37,18,53,9,0.0,4.0,7.0,0.0,7.0,1.0,1.0,0.0,0.0,OUTsurance Oval
Rajasthan Royals,127,1,123,13,1.0,37,9,52,9,124,136,11,2.0,53,15,37,3,3.0,1.0,1.0,0.0,0.0,0.0,1.0,0.0,1.0,OUTsurance Oval
Chennai Super Kings,244,2,291,25,10.0,96,16,79,8,218,330,18,7.0,78,14,91,15,1.0,3.0,5.0,0.0,6.0,3.0,2.0,1.0,2.0,St George's Park
Deccan Chargers,124,1,134,11,5.0,41,8,51,5,122,141,12,5.0,42,6,49,7,1.0,2.0,3.0,1.0,5.0,1.0,0.0,0.0,1.0,St George's Park
Delhi Capitals,120,1,146,10,4.0,52,15,35,4,126,150,8,5.0,48,11,45,7,1.0,2.0,5.0,0.0,3.0,1.0,2.0,0.0,1.0,St George's Park
Kolkata Knight Riders,218,2,237,24,5.0,78,15,86,12,250,248,24,14.0,93,20,83,10,0.0,3.0,10.0,0.0,8.0,1.0,0.0,0.0,1.0,St George's Park
Mumbai Indians,373,3,470,30,20.0,141,37,125,13,343,491,27,9.0,121,30,131,19,1.0,9.0,15.0,0.0,10.0,1.0,4.0,2.0,1.0,St George's Park
Punjab Kings,126,1,144,13,4.0,52,8,41,4,123,154,16,3.0,41,10,46,3,0.0,3.0,3.0,0.0,3.0,0.0,0.0,0.0,0.0,St George's Park
Rajasthan Royals,122,1,135,12,5.0,42,6,49,7,124,142,11,5.0,41,8,51,5,0.0,3.0,4.0,0.0,4.0,0.0,0.0,0.0,1.0,St George's Park
Royal Challengers Bangalore,350,3,347,26,9.0,120,30,139,24,371,377,35,14.0,158,36,109,11,0.0,2.0,15.0,0.0,6.0,1.0,3.0,0.0,1.0,St George's Park
Chennai Super Kings,116,1,131,14,4.0,30,9,50,3,122,141,11,5.0,42,8,49,7,1.0,5.0,1.0,0.0,2.0,1.0,1.0,2.0,1.0,De Beers Diamond Oval
Deccan Chargers,246,2,325,17,17.0,88,31,83,12,242,334,20,8.0,104,17,82,17,0.0,4.0,6.0,0.0,6.0,5.0,4.0,1.0,1.0,De Beers Diamond Oval
Punjab Kings,122,1,160,10,7.0,58,10,31,7,125,169,9,9.0,37,16,47,5,2.0,2.0,3.0,0.0,4.0,1.0,0.0,0.0,0.0,De Beers Diamond Oval
Rajasthan Royals,242,2,242,21,6.0,88,15,100,17,237,253,22,12.0,81,24,86,10,0.0,3.0,7.0,0.0,5.0,0.0,1.0,2.0,2.0,De Beers Diamond Oval
Chennai Super Kings,124,1,168,14,7.0,54,8,35,3,91,178,6,6.0,25,4,43,10,1.0,3.0,2.0,1.0,6.0,0.0,2.0,0.0,2.0,Buffalo Park
Deccan Chargers,91,1,93,6,6.0,25,4,43,10,124,100,14,7.0,54,8,35,3,0.0,2.0,4.0,0.0,3.0,0.0,0.0,0.0,0.0,Buffalo Park
Delhi Capitals,117,1,112,11,2.0,49,2,48,3,130,118,7,3.0,46,5,56,10,2.0,2.0,8.0,1.0,5.0,3.0,2.0,0.0,0.0,Buffalo Park
Kolkata Knight Riders,127,1,131,10,3.0,53,10,43,6,126,139,8,6.0,52,7,42,6,1.0,3.0,5.0,2.0,5.0,0.0,1.0,0.0,0.0,Buffalo Park
Mumbai Indians,256,2,238,15,9.0,98,12,98,16,244,264,21,5.0,102,12,91,9,1.0,1.0,10.0,0.0,4.0,1.0,3.0,1.0,0.0,Buffalo Park
Chennai Super Kings,123,1,137,10,6.0,50,4,46,7,121,146,19,3.0,55,5,35,7,0.0,1.0,1.0,1.0,5.0,1.0,0.0,0.0,0.0,Newlands
Deccan Chargers,201,2,277,20,16.0,66,13,75,8,245,288,24,8.0,72,15,114,18,0.0,4.0,7.0,0.0,10.0,2.0,3.0,3.0,0.0,Newlands
Delhi Capitals,32,1,53,6,3.0,7,2,9,0,76,58,5,7.0,22,6,28,7,0.0,4.0,4.0,0.0,4.0,2.0,0.0,0.0,1.0,Newlands
Kolkata Knight Riders,256,2,242,20,10.0,77,11,118,19,210,266,23,11.0,69,12,81,8,0.0,3.0,7.0,1.0,6.0,1.0,1.0,0.0,0.0,Newlands
Mumbai Indians,121,1,162,19,3.0,55,5,35,7,123,165,10,6.0,50,4,46,7,0.0,3.0,3.0,0.0,5.0,0.0,1.0,0.0,0.0,Newlands
Punjab Kings,204,2,222,17,10.0,65,13,78,13,157,243,15,3.0,56,9,61,7,0.0,3.0,8.0,1.0,5.0,0.0,2.0,0.0,0.0,Newlands
Rajasthan Royals,354,3,309,22,9.0,119,21,156,23,387,338,40,11.0,122,25,157,23,1.0,9.0,20.0,2.0,15.0,3.0,4.0,0.0,0.0,Newlands
Royal Challengers Bangalore,248,2,282,32,6.0,74,22,103,16,220,293,10,14.0,67,15,98,16,1.0,6.0,8.0,0.0,11.0,2.0,1.0,1.0,1.0,Newlands
